FaultorEarthquake,SourcePub,Profile_name,X_scale_meters_per_point,Y_scale_meters_per_point,Scarp_type,Num_events,Measure_method,Cell_size_meters,Latitude,longitude,Datum,UTM_easting,UTM_northing,zone,age,age_err
Black Mountain Fault Zone,Frankel2001,23,0.05,0.05,SES,1,Survey-StadiaRod,NA,36.173159,-116.769885,WGS84,NA,NA,NA,0.6,0.4
Black Mountain Fault Zone,Frankel2001,3,0.05,0.05,SES,1,Survey-StadiaRod,NA,36.173159,-116.769885,WGS84,NA,NA,NA,0.6,0.4
Black Mountain Fault Zone,Frankel2001,9,0.05,0.05,SES,1,Survey-StadiaRod,NA,36.173159,-116.769885,WGS84,NA,NA,NA,0.6,0.4
Black Mountain Fault Zone,Frankel2001,15,0.05,0.05,SES,1,Survey-StadiaRod,NA,36.173159,-116.769885,WGS84,NA,NA,NA,0.6,0.4
Black Mountain Fault Zone,Frankel2001,17,0.05,0.05,SES,1,Survey-StadiaRod,NA,36.173159,-116.769885,WGS84,NA,NA,NA,0.6,0.4
Black Mountain Fault Zone,Frankel2001,24,0.05,0.05,SES,1,Survey-StadiaRod,NA,36.173159,-116.769885,WGS84,NA,NA,NA,0.6,0.4
Black Mountain Fault Zone,Frankel2001,1872,0.05,0.05,SES,1,Survey-StadiaRod,NA,36.173159,-116.769885,WGS84,NA,NA,NA,0.15,0
Black Mountain Fault Zone,Frankel2001,1,0.05,0.05,SES,1,Survey-StadiaRod,NA,36.173159,-116.769885,WGS84,NA,NA,NA,4.5,1.2
Black Mountain Fault Zone,Frankel2001,5,0.05,0.05,SES,1,Survey-StadiaRod,NA,36.173159,-116.769885,WGS84,NA,NA,NA,4.5,1.2
Black Mountain Fault Zone,Frankel2001,10,0.05,0.05,SES,1,Survey-StadiaRod,NA,36.173159,-116.769885,WGS84,NA,NA,NA,4.5,1.2
Black Mountain Fault Zone,Frankel2001,12,0.05,0.05,SES,1,Survey-StadiaRod,NA,36.173159,-116.769885,WGS84,NA,NA,NA,4.5,1.2
Black Mountain Fault Zone,Frankel2001,13,0.05,0.05,SES,1,Survey-StadiaRod,NA,36.173159,-116.769885,WGS84,NA,NA,NA,4.5,1.2
Black Mountain Fault Zone,Frankel2001,14,0.05,0.05,SES,1,Survey-StadiaRod,NA,36.173159,-116.769885,WGS84,NA,NA,NA,4.5,1.2
Black Mountain Fault Zone,Frankel2001,19,0.05,0.05,SES,1,Survey-StadiaRod,NA,36.173159,-116.769885,WGS84,NA,NA,NA,4.5,1.2
Black Mountain Fault Zone,Frankel2001,21,0.05,0.05,SES,1,Survey-StadiaRod,NA,36.173159,-116.769885,WGS84,NA,NA,NA,4.5,1.2
Black Mountain Fault Zone,Frankel2001,22,0.05,0.05,SES,1,Survey-StadiaRod,NA,36.173159,-116.769885,WGS84,NA,NA,NA,4.5,1.2
Black Mountain Fault Zone,Frankel2001,8,0.05,0.05,SES,1,Survey-StadiaRod,NA,36.173159,-116.769885,WGS84,NA,NA,NA,7,1.1
Black Mountain Fault Zone,Frankel2001,11,0.05,0.05,SES,1,Survey-StadiaRod,NA,36.173159,-116.769885,WGS84,NA,NA,NA,7,1.1
Black Mountain Fault Zone,Frankel2001,18,0.05,0.05,SES,1,Survey-StadiaRod,NA,36.173159,-116.769885,WGS84,NA,NA,NA,7,1.1
WasatchLevan,HyllandMachette2008,m63,0.277777778,0.277777778,SES,1,Survey-StadiaRod,NA,,,NAD1927,428800,4379970,12,0.6,0.2
WasatchLevan,HyllandMachette2008,m62,0.277777778,0.277777778,SES,1,Survey-StadiaRod,NA,,,NAD1927,428730,4379820,12,0.6,0.2
WasatchLevan,HyllandMachette2008,m61,0.277777778,0.277777778,SES,1,Survey-StadiaRod,NA,,,NAD1927,428650,4379420,12,0.6,0.2
WasatchLevan,HyllandMachette2008,m60,0.277777778,0.277777778,SES,1,Survey-StadiaRod,NA,,,NAD1927,428650,4379360,12,0.6,0.2
WasatchLevan,HyllandMachette2008,m64,0.277777778,0.277777778,MES,2,Survey-StadiaRod,NA,,,NAD1927,427420,4377100,12,3.5,0.4
WasatchLevan,HyllandMachette2008,m65,0.277777778,0.277777778,SES,1,Survey-StadiaRod,NA,,,NAD1927,425850,4374950,12,0.6,0.2
WasatchLevan,HyllandMachette2008,m66,0.277777778,0.277777778,SES,1,Survey-StadiaRod,NA,,,NAD1927,425830,4374790,12,0.6,0.2
WasatchLevan,HyllandMachette2008,m67,0.277777778,0.277777778,SES,1,Survey-StadiaRod,NA,,,NAD1927,425840,4374720,12,0.6,0.2
WasatchLevan,HyllandMachette2008,L68,0.277777778,0.277777778,SES,1,Survey-StadiaRod,NA,,,NAD1983,425767,4374542,12,0.6,0.2
WasatchLevan,HyllandMachette2008,m69,0.277777778,0.277777778,SES,1,Survey-StadiaRod,NA,,,NAD1927,425800,4374430,12,0.6,0.2
WasatchLevan,HyllandMachette2008,m70,0.277777778,0.277777778,SES,1,Survey-StadiaRod,NA,,,NAD1927,425890,4373720,12,0.6,0.2
WasatchLevan,HyllandMachette2008,m71,0.277777778,0.277777778,SES,1,Survey-StadiaRod,NA,,,NAD1927,425990,4373310,12,0.6,0.2
WasatchLevan,HyllandMachette2008,L71.1,0.277777778,0.277777778,SES,1,Survey-StadiaRod,NA,,,NAD1983,423818,4367944,12,0.6,0.2
WasatchLevan,HyllandMachette2008,L71.2,0.277777778,0.277777778,SES,1,Survey-StadiaRod,NA,,,NAD1983,423208,4366909,12,0.6,0.2
WasatchLevan,HyllandMachette2008,L71.3,0.277777778,0.277777778,SES,1,Survey-StadiaRod,NA,,,NAD1983,423141,4366708,12,0.6,0.2
WasatchLevan,HyllandMachette2008,L71.4,0.277777778,0.277777778,SES,1,Survey-StadiaRod,NA,,,NAD1983,423116,4366375,12,0.6,0.2
WasatchLevan,HyllandMachette2008,m72,0.277777778,0.277777778,MES,2,Survey-StadiaRod,NA,,,NAD1927,421430,4365100,12,3.5,0.4
WasatchLevan,HyllandMachette2008,m73,0.277777778,0.277777778,MES,2,Survey-StadiaRod,NA,,,NAD1927,421370,4364910,12,3.5,0.4
WasatchLevan,HyllandMachette2008,m74,0.277777778,0.277777778,MES,2,Survey-StadiaRod,NA,,,NAD1927,421390,4364860,12,3.5,0.4
WasatchLevan,HyllandMachette2008,m75,0.277777778,0.277777778,MES,2,Survey-StadiaRod,NA,,,NAD1927,421380,4364830,12,3.5,0.4
WasatchLevan,HyllandMachette2008,m76,0.277777778,0.277777778,MES,2,Survey-StadiaRod,NA,,,NAD1927,421340,4364580,12,3.5,0.4
WasatchLevan,HyllandMachette2008,m77,0.277777778,0.277777778,MES,2,Survey-StadiaRod,NA,,,NAD1927,421310,4364430,12,3.5,0.4
WasatchLevan,HyllandMachette2008,m78,0.277777778,0.277777778,MES,2,Survey-StadiaRod,NA,,,NAD1927,421230,4364250,12,3.5,0.4
WasatchLevan,HyllandMachette2008,m79,0.277777778,0.277777778,MES,2,Survey-StadiaRod,NA,,,NAD1927,421210,4364120,12,3.5,0.4
WasatchLevan,HyllandMachette2008,m80,0.277777778,0.277777778,MES,2,Survey-StadiaRod,NA,,,NAD1927,421210,4364080,12,3.5,0.4
WasatchLevan,HyllandMachette2008,m81,0.277777778,0.277777778,MES,2,Survey-StadiaRod,NA,,,NAD1927,421260,4363920,12,3.5,0.4
WasatchLevan,HyllandMachette2008,m82,0.277777778,0.277777778,MES,2,Survey-StadiaRod,NA,,,NAD1927,421050,4363730,12,3.5,0.4
WasatchLevan,HyllandMachette2008,m83,0.277777778,0.277777778,MES,2,Survey-StadiaRod,NA,,,NAD1927,420930,4363660,12,3.5,0.4
WasatchLevan,HyllandMachette2008,m84,0.277777778,0.277777778,MES,2,Survey-StadiaRod,NA,,,NAD1927,420850,4363580,12,3.5,0.4
WasatchLevan,HyllandMachette2008,L84.1,0.277777778,0.277777778,MES,2,Survey-StadiaRod,NA,,,NAD1983,420803,4359090,12,3.5,0.4
WasatchFayette,HyllandMachette2008,m85,0.277777778,0.277777778,MES,2,Survey-StadiaRod,NA,,,NAD1927,428730,4379820,12,16.8,NA
WasatchFayette,HyllandMachette2008,m86,0.277777778,0.277777778,SES,1,Survey-StadiaRod,NA,,,NAD1927,428650,4379420,12,4.2,NA
WasatchFayette,HyllandMachette2008,m87,0.277777778,0.277777778,SES,1,Survey-StadiaRod,NA,,,NAD1927,428650,4379360,12,4.2,NA
WasatchFayette,HyllandMachette2008,F87.1,0.277777778,0.277777778,MES,2,Survey-StadiaRod,NA,,,NAD1983,427420,4377100,12,16.8,NA
WasatchFayette,HyllandMachette2008,m88,0.277777778,0.277777778,SES,1,Survey-StadiaRod,NA,,,NAD1927,425850,4374950,12,4.2,NA
WasatchFayette,HyllandMachette2008,m89,0.277777778,0.277777778,SES,1,Survey-StadiaRod,NA,,,NAD1927,425830,4374790,12,4.2,NA
WasatchFayette,HyllandMachette2008,F89.1,0.277777778,0.277777778,MES,2,Survey-StadiaRod,NA,,,NAD1983,425840,4374720,12,16.8,NA
WasatchFayette,HyllandMachette2008,F89.2,0.277777778,0.277777778,SES,1,Survey-StadiaRod,NA,,,NAD1983,425767,4374542,12,4.2,NA
WasatchFayette,HyllandMachette2008,m90,0.277777778,0.277777778,SES,1,Survey-StadiaRod,NA,,,NAD1927,425800,4374430,12,4.2,NA
WasatchFayette,HyllandMachette2008,m91,0.277777778,0.277777778,SES,1,Survey-StadiaRod,NA,,,NAD1927,425890,4373720,12,4.2,NA
WasatchFayette,HyllandMachette2008,m92,0.277777778,0.277777778,SES,1,Survey-StadiaRod,NA,,,NAD1927,425990,4373310,12,4.2,NA
WasatchFayette,HyllandMachette2008,F93,0.277777778,0.277777778,MES,2,Survey-StadiaRod,NA,,,NAD1983,423818,4367944,12,16.8,NA
WasatchFayette,HyllandMachette2008,m94,0.277777778,0.277777778,MES,2,Survey-StadiaRod,NA,,,NAD1927,423208,4366909,12,16.8,NA
WasatchFayette,HyllandMachette2008,F95,0.277777778,0.277777778,SES,1,Survey-StadiaRod,NA,,,NAD1983,423141,4366708,12,4.2,NA
WasatchFayette,HyllandMachette2008,F95.1,0.277777778,0.277777778,SES,1,Survey-StadiaRod,NA,,,NAD1983,423116,4366375,12,4.2,NA
WasatchFayette,HyllandMachette2008,m96,0.277777778,0.277777778,SES,1,Survey-StadiaRod,NA,,,NAD1927,421430,4365100,12,4.2,NA
WasatchFayette,HyllandMachette2008,m97,0.277777778,0.277777778,SES,1,Survey-StadiaRod,NA,,,NAD1927,421370,4364910,12,4.2,NA
WasatchFayette,HyllandMachette2008,m98,0.277777778,0.277777778,SES,1,Survey-StadiaRod,NA,,,NAD1927,421390,4364860,12,4.2,NA
WasatchFayette,HyllandMachette2008,m99,0.277777778,0.277777778,MES,2,Survey-StadiaRod,NA,,,NAD1927,421380,4364830,12,16.8,NA
1739YinchuanPingluo,DengandLiao1996,SD44,0.097085022,0.097085022,MES,3,Survey-Theodolite,NA,38.9,106.5,WGS84,NA,NA,NA,5.7,0.85
1739YinchuanPingluo,DengandLiao1996,SD26,0.097085022,0.097085022,MES,2,Survey-Theodolite,NA,38.9,106.5,WGS84,NA,NA,NA,2.6,0.39
1739YinchuanPingluo,DengandLiao1996,SD28,0.097085022,0.097085022,SES,1,Survey-Theodolite,NA,38.9,106.5,WGS84,NA,NA,NA,0.276,0
1739YinchuanPingluo,DengandLiao1996,SD30,0.097085022,0.097085022,MES,3,Survey-Theodolite,NA,38.9,106.5,WGS84,NA,NA,NA,5.7,0.85
1739YinchuanPingluo,DengandLiao1996,SD32,0.097085022,0.097085022,MES,2,Survey-Theodolite,NA,38.9,106.5,WGS84,NA,NA,NA,2.6,0.39
1739YinchuanPingluo,DengandLiao1996,SD33,0.097085022,0.097085022,MES,3,Survey-Theodolite,NA,38.9,106.5,WGS84,NA,NA,NA,5.7,0.85
1739YinchuanPingluo,DengandLiao1996,SD12,0.097085022,0.097085022,MES,2,Survey-Theodolite,NA,38.9,106.5,WGS84,NA,NA,NA,2.6,0.39
1739YinchuanPingluo,DengandLiao1996,SD72,0.097085022,0.097085022,MES,3,Survey-Theodolite,NA,38.9,106.5,WGS84,NA,NA,NA,5.7,0.85
1739YinchuanPingluo,DengandLiao1996,SD16,0.097085022,0.097085022,SES,1,Survey-Theodolite,NA,38.9,106.5,WGS84,NA,NA,NA,0.276,0
1739YinchuanPingluo,DengandLiao1996,SD15,0.097085022,0.097085022,SES,1,Survey-Theodolite,NA,38.9,106.5,WGS84,NA,NA,NA,0.276,0
1739YinchuanPingluo,DengandLiao1996,SD19,0.097085022,0.097085022,MES,2,Survey-Theodolite,NA,38.9,106.5,WGS84,NA,NA,NA,2.6,0.39
1739YinchuanPingluo,DengandLiao1996,SD18,0.097085022,0.097085022,MES,2,Survey-Theodolite,NA,38.9,106.5,WGS84,NA,NA,NA,2.6,0.39
1739YinchuanPingluo,DengandLiao1996,SD2,0.097085022,0.097085022,MES,3,Survey-Theodolite,NA,38.9,106.5,WGS84,NA,NA,NA,5.7,0.85
1739YinchuanPingluo,DengandLiao1996,SD47,0.0981,0.0981,MES,3,Survey-Theodolite,NA,38.9,106.5,WGS84,NA,NA,NA,5.7,0.85
1739YinchuanPingluo,DengandLiao1996,SD48,0.0981,0.0981,MES,3,Survey-Theodolite,NA,38.9,106.5,WGS84,NA,NA,NA,5.7,0.85
1739YinchuanPingluo,DengandLiao1996,SD49,0.0981,0.0981,MES,2,Survey-Theodolite,NA,38.9,106.5,WGS84,NA,NA,NA,2.6,0.39
1739YinchuanPingluo,DengandLiao1996,SD50,0.0981,0.0981,SES,1,Survey-Theodolite,NA,38.9,106.5,WGS84,NA,NA,NA,0.276,0
1739YinchuanPingluo,DengandLiao1996,D52,0.0981,0.0981,MES,3,Survey-Theodolite,NA,38.9,106.5,WGS84,NA,NA,NA,5.7,0.85
1739YinchuanPingluo,DengandLiao1996,D54,0.0981,0.0981,SES,1,Survey-Theodolite,NA,38.9,106.5,WGS84,NA,NA,NA,0.276,0
1739YinchuanPingluo,DengandLiao1996,D55,0.0981,0.0981,SES,1,Survey-Theodolite,NA,38.9,106.5,WGS84,NA,NA,NA,0.276,0
1739YinchuanPingluo,DengandLiao1996,D56,0.0981,0.0981,SES,1,Survey-Theodolite,NA,38.9,106.5,WGS84,NA,NA,NA,0.276,0
1739YinchuanPingluo,DengandLiao1996,SD36,0.0981,0.0981,MES,3,Survey-Theodolite,NA,38.9,106.5,WGS84,NA,NA,NA,5.7,0.85
1739YinchuanPingluo,DengandLiao1996,SD38,0.0981,0.0981,MES,3,Survey-Theodolite,NA,38.9,106.5,WGS84,NA,NA,NA,5.7,0.85
1739YinchuanPingluo,DengandLiao1996,SD40,0.0981,0.0981,MES,3,Survey-Theodolite,NA,38.9,106.5,WGS84,NA,NA,NA,5.7,0.85
1739YinchuanPingluo,DengandLiao1996,SD4,0.0981,0.0981,MES,2,Survey-Theodolite,NA,38.9,106.5,WGS84,NA,NA,NA,2.6,0.39
1739YinchuanPingluo,DengandLiao1996,HD3,0.1009,0.1009,MES,3,Survey-Theodolite,NA,38.9,106.5,WGS84,NA,NA,NA,5.7,0.85
1739YinchuanPingluo,DengandLiao1996,HD4,0.1009,0.1009,MES,3,Survey-Theodolite,NA,38.9,106.5,WGS84,NA,NA,NA,5.7,0.85
1739YinchuanPingluo,DengandLiao1996,HD5,0.1009,0.1009,MES,2,Survey-Theodolite,NA,38.9,106.5,WGS84,NA,NA,NA,2.6,0.39
1739YinchuanPingluo,DengandLiao1996,HD7,0.1009,0.1009,MES,2,Survey-Theodolite,NA,38.9,106.5,WGS84,NA,NA,NA,2.6,0.39
1739YinchuanPingluo,DengandLiao1996,HD8,0.1009,0.1009,MES,3,Survey-Theodolite,NA,38.9,106.5,WGS84,NA,NA,NA,5.7,0.85
1739YinchuanPingluo,DengandLiao1996,HD10,0.1009,0.1009,MES,2,Survey-Theodolite,NA,38.9,106.5,WGS84,NA,NA,NA,2.6,0.39
1739YinchuanPingluo,DengandLiao1996,HD11,0.1009,0.1009,SES,1,Survey-Theodolite,NA,38.9,106.5,WGS84,NA,NA,NA,0.276,0
1739YinchuanPingluo,DengandLiao1996,HD14,0.1009,0.1009,MES,3,Survey-Theodolite,NA,38.9,106.5,WGS84,NA,NA,NA,5.7,0.85
1739YinchuanPingluo,DengandLiao1996,HD13,0.1009,0.1009,MES,3,Survey-Theodolite,NA,38.9,106.5,WGS84,NA,NA,NA,5.7,0.85
1739YinchuanPingluo,DengandLiao1996,HD12,0.1009,0.1009,MES,2,Survey-Theodolite,NA,38.9,106.5,WGS84,NA,NA,NA,2.6,0.39
1959HebgenLake,Wallace1980,F3_1978,0.031070075,0.031070075,SES,1,Survey-Theodolite,NA,44.863,-111.335,WGS84,NA,NA,NA,0.02,0.005
1959HebgenLake,Wallace1980,F3_1959,0.031070075,0.031070075,SES,1,Survey-Theodolite,NA,44.863,-111.335,WGS84,NA,NA,NA,0.001,0.005
1959HebgenLake,Wallace1980,F5_1978,0.037608816,0.037608816,SES,1,Survey-Theodolite,NA,44.863,-111.335,WGS84,NA,NA,NA,0.02,0.005
1959HebgenLake,Wallace1980,F5_1959,0.037608816,0.037608816,SES,1,Survey-Theodolite,NA,44.863,-111.335,WGS84,NA,NA,NA,0.001,0.005
1959HebgenLake,Wallace1980,F9_1978,0.033941064,0.033941064,SES,1,Survey-Theodolite,NA,44.863,-111.335,WGS84,NA,NA,NA,0.02,0.005
1959HebgenLake,Wallace1980,F9_1959,0.033941064,0.033941064,SES,1,Survey-Theodolite,NA,44.863,-111.335,WGS84,NA,NA,NA,0.001,0.005
1959HebgenLake,Wallace1980,F10_1978,0.041878422,0.041878422,SES,1,Survey-Theodolite,NA,44.863,-111.335,WGS84,NA,NA,NA,0.02,0.005
1959HebgenLake,Wallace1980,F10_1959,0.041878422,0.041878422,SES,1,Survey-Theodolite,NA,44.863,-111.335,WGS84,NA,NA,NA,0.001,0.005
1959HebgenLake,Wallace1980,F11_1978,0.030727876,0.030727876,SES,1,Survey-Theodolite,NA,44.863,-111.335,WGS84,NA,NA,NA,0.02,0.005
1959HebgenLake,Wallace1980,F11_1967,0.030727876,0.030727876,SES,1,Survey-Theodolite,NA,44.863,-111.335,WGS84,NA,NA,NA,0.008,0.005
1959HebgenLake,Wallace1980,F11_1961,0.030727876,0.030727876,SES,1,Survey-Theodolite,NA,44.863,-111.335,WGS84,NA,NA,NA,0.003,0.005
1959HebgenLake,Wallace1980,F12a_1978,0.308072232,0.308072232,MES,NA,Survey-Theodolite,NA,44.863,-111.335,WGS84,NA,NA,NA,0.02,0.005
1959HebgenLake,Wallace1980,F12b_1978,0.308072232,0.308072232,MES,NA,Survey-Theodolite,NA,44.863,-111.335,WGS84,NA,NA,NA,0.02,0.005
1872LonePine,LubetkinClarke1988,Profile9,0.063448556,0.063448556,MES,3,Survey-Theodolite,NA,36.6077,-118.0796,WGS84,NA,NA,NA,15,5
1872LonePine,LubetkinClarke1988,Trench,0.063448556,0.063448556,MES,3,Survey-Theodolite,NA,36.6077,-118.0796,WGS84,NA,NA,NA,15,5
1872LonePine,LubetkinClarke1988,Profile11,0.063448556,0.063448556,MES,3,Survey-Theodolite,NA,36.6077,-118.0796,WGS84,NA,NA,NA,15,5
1872LonePine,LubetkinClarke1988,Profile12,0.063448556,0.063448556,MES,3,Survey-Theodolite,NA,36.6077,-118.0796,WGS84,NA,NA,NA,15,5
1872LonePine,LubetkinClarke1988,Profile13,0.063448556,0.063448556,MES,3,Survey-Theodolite,NA,36.6077,-118.0796,WGS84,NA,NA,NA,15,5
1872LonePine,LubetkinClarke1988,Profile14,0.063448556,0.063448556,MES,3,Survey-Theodolite,NA,36.6077,-118.0796,WGS84,NA,NA,NA,15,5
1872LonePine,LubetkinClarke1988,Profile15,0.063448556,0.063448556,MES,3,Survey-Theodolite,NA,36.6077,-118.0796,WGS84,NA,NA,NA,15,5
1872LonePine,LubetkinClarke1988,Profile16,0.063448556,0.063448556,MES,3,Survey-Theodolite,NA,36.6077,-118.0796,WGS84,NA,NA,NA,15,5
SertengFaultInnerMongolia,Yang2003,F3profile1,0.567759869,0.273008471,MES,3,Survey-Theodolite,NA,41.1534,107.0962,WGS84,NA,NA,NA,7.2,1.63
SertengFaultInnerMongolia,Yang2003,F3profile2,0.567759869,0.273008471,MES,3,Survey-Theodolite,NA,41.1534,107.0962,WGS84,NA,NA,NA,7.2,1.63
SertengFaultInnerMongolia,Yang2003,F3profile3,0.567759869,0.273008471,MES,3,Survey-Theodolite,NA,41.1534,107.0962,WGS84,NA,NA,NA,7.2,1.63
SertengFaultInnerMongolia,Yang2003,F4profile1,0.493514723,0.175772564,MES,3,Survey-Theodolite,NA,41.1534,107.0962,WGS84,NA,NA,NA,7.2,1.63
SertengFaultInnerMongolia,Yang2003,F4profile2,0.493514723,0.175772564,MES,3,Survey-Theodolite,NA,41.1534,107.0962,WGS84,NA,NA,NA,7.2,1.63
SertengFaultInnerMongolia,Yang2003,F5,0.292682641,0.091648108,MES,3,Survey-Theodolite,NA,41.1534,107.0962,WGS84,NA,NA,NA,7.2,1.63
SertengFaultInnerMongolia,Rao2020,F4c,0.446371779,0.11400576,MES,3,ALS,0.25,41.3067,108.07891,WGS84,NA,NA,NA,7.93,0.03
SertengFaultInnerMongolia,Rao2020,F4d,0.445182458,0.113089198,MES,3,ALS,0.25,41.3067,108.07891,WGS84,NA,NA,NA,7.93,0.03
SertengFaultInnerMongolia,Rao2020,F5c,0.409527762,0.246846434,MES,3,ALS,0.25,41.3067,108.07891,WGS84,NA,NA,NA,7.93,0.03
SertengFaultInnerMongolia,Rao2020,F5d,0.409527762,0.246846434,MES,3,ALS,0.25,41.3067,108.07891,WGS84,NA,NA,NA,7.93,0.03
HawaiiNormalFaults,MartelLangley2006,F3a,0.392464447,0.121387434,SES,1,Survey-Unknown,NA,19.3338,-155.2495,WGS84,NA,NA,NA,0.575,0.175
HawaiiNormalFaults,MartelLangley2006,F3b,0.392464447,0.121387434,SES,1,Survey-Unknown,NA,19.3338,-155.2495,WGS84,NA,NA,NA,0.575,0.175
HawaiiNormalFaults,MartelLangley2006,F3c,0.392464447,0.121387434,SES,1,Survey-Unknown,NA,19.3338,-155.2495,WGS84,NA,NA,NA,0.575,0.175
HawaiiNormalFaults,MartelLangley2006,F3d,0.55751833,0.181873604,SES,1,Survey-Unknown,NA,19.3338,-155.2495,WGS84,NA,NA,NA,0.575,0.175
SouthAravaFaults,Enzel1994,FS-1,0.398551425,0.195208795,MES,unknown,Survey-Unknown,NA,29.6247,34.94998,WGS84,NA,NA,NA,26.5,11.5
SouthAravaFaults,Enzel1994,FS-2,0.403077253,0.141380344,MES,unknown,Survey-Unknown,NA,29.6247,34.94998,WGS84,NA,NA,NA,26.5,11.5
SouthAravaFaults,Enzel1994,FS-1a,0.398551425,0.195208795,MES,unknown,Survey-Unknown,NA,29.6247,34.94998,WGS84,NA,NA,NA,26.5,11.5
SouthAravaFaults,Enzel1994,FS-3,0.403077253,0.141380344,MES,unknown,Survey-Unknown,NA,29.6247,34.94998,WGS84,NA,NA,NA,26.5,11.5
SouthAravaFaults,Enzel1994,FS-14,0.419438491,0.116053541,MES,unknown,Survey-Unknown,NA,29.6247,34.94998,WGS84,NA,NA,NA,26.5,11.5
SouthAravaFaults,Enzel1994,FS-16,0.419438491,0.116053541,MES,unknown,Survey-Unknown,NA,29.6247,34.94998,WGS84,NA,NA,NA,26.5,11.5
HebronFaultNamibia,White2009,F7_2,0.629457196,0.320723449,SES,1,Survey-Theodolite,NA,-24.652083,16.015867,WGS84,NA,NA,NA,6,6
HebronFaultNamibia,White2009,F7_6,0.629457196,0.320723449,SES,1,Survey-Theodolite,NA,-24.652083,16.015867,WGS84,NA,NA,NA,6,6
HebronFaultNamibia,White2009,F7_3,0.629457196,0.320723449,SES,1,Survey-Theodolite,NA,-24.652083,16.015867,WGS84,NA,NA,NA,6,6
HebronFaultNamibia,White2009,F7_7,0.629457196,0.320723449,SES,1,Survey-Theodolite,NA,-24.652083,16.015867,WGS84,NA,NA,NA,6,6
HebronFaultNamibia,White2009,F7_4,0.654320565,0.320723449,SES,1,Survey-Theodolite,NA,-24.652083,16.015867,WGS84,NA,NA,NA,6,6
HebronFaultNamibia,White2009,F7_9,0.654320565,0.320723449,SES,1,Survey-Theodolite,NA,-24.652083,16.015867,WGS84,NA,NA,NA,6,6
HebronFaultNamibia,White2009,F7_5,0.654320565,0.320723449,SES,1,Survey-Theodolite,NA,-24.652083,16.015867,WGS84,NA,NA,NA,6,6
HebronFaultNamibia,White2009,F7_10,0.524588582,0.207073743,SES,1,Survey-Theodolite,NA,-24.652083,16.015867,WGS84,NA,NA,NA,6,6
KaparelliFault,Kokkalas2005,K1,0.837416577,0.764767761,MES,2,Survey-Stadia,NA,38.211372,23.12779,WGS84,NA,NA,NA,7.975,0.325
KaparelliFault,Kokkalas2005,K2,0.837416577,0.764767761,MES,2,Survey-Stadia,NA,38.211372,23.12779,WGS84,NA,NA,NA,7.975,0.325
KaparelliFault,Kokkalas2005,K3,0.837416577,0.764767761,MES,2,Survey-Stadia,NA,38.211372,23.12779,WGS84,NA,NA,NA,7.975,0.325
KaparelliFault,Kokkalas2005,K4,0.837416577,0.764767761,MES,2,Survey-Stadia,NA,38.211372,23.12779,WGS84,NA,NA,NA,7.975,0.325
KaparelliFault,Kokkalas2005,K5,0.837416577,0.764767761,MES,2,Survey-Stadia,NA,38.211372,23.12779,WGS84,NA,NA,NA,7.975,0.325
KaparelliFault,Kokkalas2005,K6,0.837416577,0.764767761,MES,2,Survey-Stadia,NA,38.211372,23.12779,WGS84,NA,NA,NA,7.975,0.325
KaparelliFault,Kokkalas2005,K7,0.155575739,0.155963,MES,2,Survey-Stadia,NA,38.211372,23.12779,WGS84,NA,NA,NA,7.975,0.325
KaparelliFault,Kokkalas2005,K8,0.053397966,0.049852452,MES,2,Survey-Stadia,NA,38.211372,23.12779,WGS84,NA,NA,NA,7.975,0.325
KaparelliFault,Kokkalas2005,K9,0.043261811,0.037393349,MES,2,Survey-Stadia,NA,38.211372,23.12779,WGS84,NA,NA,NA,7.975,0.325
KaparelliFault,Kokkalas2005,K10,0.048028416,0.049852452,MES,2,Survey-Stadia,NA,38.211372,23.12779,WGS84,NA,NA,NA,7.975,0.325
ElikiFault,Kokkalas2005,E1,0.180311889,0.180460292,MES,2,Survey-Stadia,NA,38.17997,22.17172,WGS84,NA,NA,NA,0.9,0.3
ElikiFault,Kokkalas2005,E2,0.180311889,0.180460292,MES,2,Survey-Stadia,NA,38.17997,22.17172,WGS84,NA,NA,NA,0.9,0.3
ElikiFault,Kokkalas2005,E3,0.180311889,0.180460292,MES,2,Survey-Stadia,NA,38.17997,22.17172,WGS84,NA,NA,NA,0.9,0.3
ElikiFault,Kokkalas2005,E4,0.11767717,0.196252789,MES,2,Survey-Stadia,NA,38.17997,22.17172,WGS84,NA,NA,NA,0.9,0.3
ElikiFault,Kokkalas2005,E5,0.11767717,0.196252789,MES,2,Survey-Stadia,NA,38.17997,22.17172,WGS84,NA,NA,NA,0.9,0.3
ElikiFault,Kokkalas2005,E6,0.11767717,0.196252789,MES,2,Survey-Stadia,NA,38.17997,22.17172,WGS84,NA,NA,NA,0.9,0.3
ElikiFault,Kokkalas2005,E7,0.447467868,0.378849675,MES,2,Survey-Stadia,NA,38.17997,22.17172,WGS84,NA,NA,NA,0.9,0.3
SkinosFault,Collier2004,ProfileA,0.235121695,0.161296892,MES,3,Survey-Unknown,NA,38.05343,23.077023,WGS84,NA,NA,NA,1.614,0.33
SkinosFault,Collier2004,ProfileB,0.090731601,0.061812911,MES,3,Survey-Unknown,NA,38.05343,23.077023,WGS84,NA,NA,NA,1.614,0.33
SkinosFault,Collier2004,ProfileC,0.306554072,0.162328834,MES,3,Survey-Unknown,NA,38.05343,23.077023,WGS84,NA,NA,NA,1.614,0.33
SkinosFault,Collier2004,ProfileD,0.293462815,0.201069556,MES,3,Survey-Unknown,NA,38.05343,23.077023,WGS84,NA,NA,NA,1.614,0.33
OlinghouseFaultZone,Sanders1996,Scarp36,0.222341778,0.049659602,MES,3,Survey-Theodolite,NA,39.499736,-119.500202,WGS84,NA,NA,NA,3.36,0.19
OlinghouseFaultZone,Sanders1996,Scarp26,0.222341778,0.049659602,SES,1,Survey-Theodolite,NA,39.499736,-119.500202,WGS84,NA,NA,NA,3.36,0.19
DzhungarianLepseyFault,Tsai2022,L1,0.209047291,0.203671795,MES,unknown,DEM,8,46.000334,-80.999736,WGS84,NA,NA,NA,3.905,0.07
DzhungarianLepseyFault,Tsai2022,L2,0.209047291,0.203671795,MES,unknown,DEM,8,46.000334,-80.999736,WGS84,NA,NA,NA,3.905,0.07
DzhungarianLepseyFault,Tsai2022,L4,0.209047291,0.203671795,MES,unknown,DEM,8,46.000334,-80.999736,WGS84,NA,NA,NA,3.905,0.07
DzhungarianLepseyFault,Tsai2022,A1,0.164630777,0.154967643,MES,unknown,dGPS,NA,46.000334,-80.999736,WGS84,NA,NA,NA,5.1295,0.1985
DzhungarianLepseyFault,Tsai2022,A2,0.164630777,0.154967643,MES,unknown,dGPS,NA,46.000334,-80.999736,WGS84,NA,NA,NA,5.1295,0.1985
DzhungarianLepseyFault,Tsai2022,A3,0.164630777,0.154967643,SES,unknown,dGPS,NA,46.000334,-80.999736,WGS84,NA,NA,NA,5.1295,0.1985
DzhungarianLepseyFault,Tsai2022,A4,0.164630777,0.154967643,SES,unknown,dGPS,NA,46.000334,-80.999736,WGS84,NA,NA,NA,5.1295,0.1985
DzhungarianLepseyFault,Tsai2022,A5,0.164630777,0.154967643,SES,unknown,dGPS,NA,46.000334,-80.999736,WGS84,NA,NA,NA,5.1295,0.1985
DzhungarianLepseyFault,Tsai2022,B1,0.399227574,0.398565642,MES,unknown,dGPS,NA,46.000334,-80.999736,WGS84,NA,NA,NA,18.35,1.05
DzhungarianLepseyFault,Tsai2022,B2,0.399227574,0.398565642,MES,unknown,dGPS,NA,46.000334,-80.999736,WGS84,NA,NA,NA,18.35,1.05
DzhungarianLepseyFault,Tsai2022,B3,0.399227574,0.398565642,MES,unknown,dGPS,NA,46.000334,-80.999736,WGS84,NA,NA,NA,18.35,1.05
DzhungarianLepseyFault,Tsai2022,B4,0.399227574,0.398565642,MES,unknown,dGPS,NA,46.000334,-80.999736,WGS84,NA,NA,NA,18.35,1.05
DzhungarianLepseyFault,Tsai2022,B5,0.399227574,0.398565642,MES,unknown,dGPS,NA,46.000334,-80.999736,WGS84,NA,NA,NA,18.35,1.05
DzhungarianLepseyFault,Tsai2022,P1,0.392704262,0.395287774,MES,unknown,dGPS,NA,46.000334,-80.999736,WGS84,NA,NA,NA,18.35,1.05
DzhungarianLepseyFault,Tsai2022,P2,0.392704262,0.395287774,MES,unknown,dGPS,NA,46.000334,-80.999736,WGS84,NA,NA,NA,18.35,1.05
DzhungarianLepseyFault,Tsai2022,P3,0.392704262,0.395287774,MES,unknown,dGPS,NA,46.000334,-80.999736,WGS84,NA,NA,NA,18.35,1.05
DzhungarianLepseyFault,Tsai2022,P4,0.392704262,0.395287774,MES,unknown,dGPS,NA,46.000334,-80.999736,WGS84,NA,NA,NA,18.35,1.05
DzhungarianLepseyFault,Tsai2022,P5,0.392704262,0.395287774,MES,unknown,dGPS,NA,46.000334,-80.999736,WGS84,NA,NA,NA,18.35,1.05
DzhungarianLepseyFault,Tsai2022,P6,0.392704262,0.395287774,MES,unknown,dGPS,NA,46.000334,-80.999736,WGS84,NA,NA,NA,18.35,1.05
DzhungarianLepseyFault,Tsai2022,T1,0.228417462,0.230900222,MES,unknown,dGPS,NA,46.000334,-80.999736,WGS84,NA,NA,NA,18.35,1.05
DzhungarianLepseyFault,Tsai2022,T2,0.228417462,0.230900222,MES,unknown,dGPS,NA,46.000334,-80.999736,WGS84,NA,NA,NA,18.35,1.05
DzhungarianLepseyFault,Tsai2022,T3,0.228417462,0.230900222,MES,unknown,dGPS,NA,46.000334,-80.999736,WGS84,NA,NA,NA,18.35,1.05
DzhungarianLepseyFault,Tsai2022,T4,0.228417462,0.230900222,MES,unknown,dGPS,NA,46.000334,-80.999736,WGS84,NA,NA,NA,18.35,1.05
DzhungarianLepseyFault,Tsai2022,T5,0.228417462,0.230900222,MES,unknown,dGPS,NA,46.000334,-80.999736,WGS84,NA,NA,NA,18.35,1.05
DzhungarianLepseyFault,Tsai2022,T6,0.228417462,0.230900222,MES,unknown,dGPS,NA,46.000334,-80.999736,WGS84,NA,NA,NA,18.35,1.05
DzhungarianLepseyFault,Tsai2022,T7,0.228417462,0.230900222,MES,unknown,dGPS,NA,46.000334,-80.999736,WGS84,NA,NA,NA,18.35,1.05
DzhungarianLepseyFault,Tsai2022,S1,0.228417462,0.230900222,MES,unknown,PleiadesDEM,5,46.000334,-80.999736,WGS84,NA,NA,NA,18.35,1.05
DzhungarianLepseyFault,Tsai2022,S2,0.228417462,0.230900222,MES,unknown,PleiadesDEM,5,46.000334,-80.999736,WGS84,NA,NA,NA,18.35,1.05
MaidanFaultTienShan,Wu2020,ScarpT3-1,2.007813607,0.163508139,SES,1,dGPS,NA,40.94425904,78.15886679,WGS84,NA,NA,NA,1.76,0.22
MaidanFaultTienShan,Wu2020,ScarpT3-2,2.007813607,0.163508139,SES,1,dGPS,NA,40.94425904,78.15886679,WGS84,NA,NA,NA,1.76,0.22
MaidanFaultTienShan,Wu2020,ScarpT3-3,2.007813607,0.163508139,SES,1,dGPS,NA,40.94425904,78.15886679,WGS84,NA,NA,NA,1.76,0.22
MaidanFaultTienShan,Wu2020,ScarpT3,4.758820593,0.387060191,SES,1,dGPS,NA,40.94425904,78.15886679,WGS84,NA,NA,NA,5,0.4
MaidanFaultTienShan,Wu2020,ScarpT4,4.758820593,0.387060191,SES,1,dGPS,NA,40.94425904,78.15886679,WGS84,NA,NA,NA,11,0.75
MaidanFaultTienShan,Wu2020,ScarpT5,4.758820593,0.387060191,SES,1,dGPS,NA,40.94425904,78.15886679,WGS84,NA,NA,NA,17.93,1.06
RubyEastHumboldtRange,Wesnousky2003,PicnicCreek,0.611998849,0.366235638,SES,1,Survey-Unknown,NA,40.74964769,-115.8664674,WGS84,NA,NA,NA,6.2,1.4
RubyEastHumboldtRange,Wesnousky2003,BurgerCreekP1,0.615236769,0.404451596,SES,1,Survey-Unknown,NA,40.74964769,-115.8664674,WGS84,NA,NA,NA,6.2,1.4
RubyEastHumboldtRange,Wesnousky2003,ReedCreek,0.692141632,0.138428278,SES,1,Survey-Unknown,NA,40.74964769,-115.8664674,WGS84,NA,NA,NA,6.2,1.4
RubyEastHumboldtRange,Wesnousky2003,MurphyCreek,0.427499184,0.102902454,SES,1,Survey-Unknown,NA,40.74964769,-115.8664674,WGS84,NA,NA,NA,6.2,1.4
RubyEastHumboldtRange,Wesnousky2003,SoldierCreek,0.45069676,0.08990705,SES,1,Survey-Unknown,NA,40.74964769,-115.8664674,WGS84,NA,NA,NA,6.2,1.4
RubyEastHumboldtRange,Wesnousky2003,LamoilleCreek,0.429076682,0.076499842,SES,1,Survey-Unknown,NA,40.74964769,-115.8664674,WGS84,NA,NA,NA,6.2,1.4
RubyEastHumboldtRange,Wesnousky2003,ChimneyCreek,0.343008194,0.038503233,SES,1,Survey-Unknown,NA,40.74964769,-115.8664674,WGS84,NA,NA,NA,6.2,1.4
RubyEastHumboldtRange,Wesnousky2003,MoraineCrest,0.471914682,0.470768423,SES,1,Survey-Unknown,NA,40.74964769,-115.8664674,WGS84,NA,NA,NA,6.2,1.4
SawtoothFault,Thackray2013,F2,0.901393602,0.341497153,SES,1,ALS,1,45,-115,WGS84,NA,NA,NA,5,5
Kamchatka,Kozhurin2006,A,0.375443953,0.37162586,MES,3,Survey-Unknown,NA,55.61494,160.68431,WGS84,NA,NA,NA,3.25,0.05
Kamchatka,Kozhurin2006,C,0.375443953,0.37162586,SES,1,Survey-Unknown,NA,55.61494,160.68431,WGS84,NA,NA,NA,8.35,0.05
Chincheros-QoricochaFaults,Cabrera1998,17,0.172645078,0.182715982,MES,3,Survey-Unknown,NA,-13.5,-72,WGS84,NA,NA,NA,5,5
Chincheros-QoricochaFaults,Cabrera1998,18,0.172645078,0.182715982,MES,3,Survey-Unknown,NA,-13.5,-72,WGS84,NA,NA,NA,5,5
Chincheros-QoricochaFaults,Cabrera1998,19,0.172645078,0.182715982,MES,3,Survey-Unknown,NA,-13.5,-72,WGS84,NA,NA,NA,5,5
Chincheros-QoricochaFaults,Cabrera1998,20,0.172645078,0.182715982,MES,3,Survey-Unknown,NA,-13.5,-72,WGS84,NA,NA,NA,5,5
Chincheros-QoricochaFaults,Cabrera1998,21,0.172645078,0.182715982,MES,3,Survey-Unknown,NA,-13.5,-72,WGS84,NA,NA,NA,5,5
Chincheros-QoricochaFaults,Cabrera1998,22,0.172645078,0.182715982,MES,3,Survey-Unknown,NA,-13.5,-72,WGS84,NA,NA,NA,5,5
Chincheros-QoricochaFaults,Cabrera1998,23,0.172645078,0.182715982,MES,3,Survey-Unknown,NA,-13.5,-72,WGS84,NA,NA,NA,5,5
Chincheros-QoricochaFaults,Cabrera1998,24,0.172645078,0.182715982,MES,3,Survey-Unknown,NA,-13.5,-72,WGS84,NA,NA,NA,5,5
1987EdgecumbeEQ,Beanland1989,10.1,1.050092125,0.0553685,NA,1,Survey-Unknown,NA,-38.007033,176.812445,WGS84,NA,NA,NA,0.002,0
1987EdgecumbeEQ,Fellows1989,A,0.039450284,0.039450284,SES,1,Survey-Unknown,NA,-38.007033,176.812445,WGS84,NA,NA,NA,0.002,0
1987EdgecumbeEQ,Fellows1989,B,0.039450284,0.039450284,SES,1,Survey-Unknown,NA,-38.007033,176.812445,WGS84,NA,NA,NA,0.002,0
1987EdgecumbeEQ,Fellows1989,C,0.039450284,0.039450284,SES,1,Survey-Unknown,NA,-38.007033,176.812445,WGS84,NA,NA,NA,0.002,0
HebronFaultNamibia,Salomon2022,F4sharp,1.936545223,0.193654485,MES,3,DEM,0.5,-24.652083,16.015867,WGS84,NA,NA,NA,10,10
HebronFaultNamibia,Salomon2022,F4intermediate,1.936545223,0.193654485,MES,3,DEM,0.5,-24.652083,16.015867,WGS84,NA,NA,NA,10,10
HebronFaultNamibia,Salomon2022,F4diffuse,1.936545223,0.193654485,MES,3,DEM,0.5,-24.652083,16.015867,WGS84,NA,NA,NA,10,10
MonoBasinFaults,Bursik1989,Profile21,1.583248221,1.610389564,MES,unknown,Survey-Unknown,NA,37.800147,-119.077775,WGS84,NA,NA,NA,14,0
MonoBasinFaults,Bursik1989,Profile22,3.590040495,3.567318511,MES,unknown,Survey-Unknown,NA,37.800147,-119.077775,WGS84,NA,NA,NA,14,0
MonoBasinFaults,Bursik1989,Profile23,19.5607822,19.4415162,MES,unknown,Survey-Unknown,NA,37.800147,-119.077775,WGS84,NA,NA,NA,130,0
MonoBasinFaults,Bursik1989,Profile24,13.98426351,13.62567677,MES,unknown,Survey-Unknown,NA,37.800147,-119.077775,WGS84,NA,NA,NA,750,0
MonoBasinFaults,Bursik1989,Profile33,1.596703382,1.582137228,MES,unknown,Survey-Unknown,NA,37.800147,-119.077775,WGS84,NA,NA,NA,14,0
MonoBasinFaults,Bursik1989,Profile62,2.38653346,2.372327277,MES,unknown,Survey-Unknown,NA,37.800147,-119.077775,WGS84,NA,NA,NA,66,0
MonoBasinFaults,Bursik1989,Profile63,1.196680409,1.199226259,MES,unknown,Survey-Unknown,NA,37.800147,-119.077775,WGS84,NA,NA,NA,14,0
MonoBasinFaults,Bursik1989,Profile71,1.587852547,1.581551968,MES,unknown,Survey-Unknown,NA,37.800147,-119.077775,WGS84,NA,NA,NA,14,0
MonoBasinFaults,Bursik1989,Profile72,1.973024805,2.012884879,MES,unknown,Survey-Unknown,NA,37.800147,-119.077775,WGS84,NA,NA,NA,66,0
MonoBasinFaults,Bursik1989,Profile73,0.69615922,0.696158978,MES,unknown,Survey-Unknown,NA,37.800147,-119.077775,WGS84,NA,NA,NA,66,0
MonoBasinFaults,Bursik1989,Profile75,1.199225109,1.199226288,MES,unknown,Survey-Unknown,NA,37.800147,-119.077775,WGS84,NA,NA,NA,40,0
MonoBasinFaults,Bursik1989,Profile79,0.841247793,0.83378163,MES,unknown,Survey-Unknown,NA,37.800147,-119.077775,WGS84,NA,NA,NA,130,0
MonoBasinFaults,Bursik1989,Profile714,12.52536386,2.790279003,MES,unknown,Survey-Unknown,NA,37.800147,-119.077775,WGS84,NA,NA,NA,14,0
MonoBasinFaults,Bursik1989,Profile715,0.420624038,0.417508422,MES,unknown,Survey-Unknown,NA,37.800147,-119.077775,WGS84,NA,NA,NA,14,0
MonoBasinFaults,Bursik1989,Profile717,0.559440559,0.558055801,MES,unknown,Survey-Unknown,NA,37.800147,-119.077775,WGS84,NA,NA,NA,14,0
MonoBasinFaults,Bursik1989,Profile719,0.41906055,0.418541967,MES,unknown,Survey-Unknown,NA,37.800147,-119.077775,WGS84,NA,NA,NA,66,0
MonoBasinFaults,Bursik1989,Profile720,0.558055956,0.556678035,MES,unknown,Survey-Unknown,NA,37.800147,-119.077775,WGS84,NA,NA,NA,40,0
MonoBasinFaults,Bursik1989,Profile82,9.720770857,9.720756683,MES,unknown,Survey-Unknown,NA,37.800147,-119.077775,WGS84,NA,NA,NA,66,0
MonoBasinFaults,Bursik1989,Profile91,0.383222518,0.383222224,MES,unknown,Survey-Unknown,NA,37.800147,-119.077775,WGS84,NA,NA,NA,14,0
CosoRangeFaults,Roquemore1981,No1,0.454627338,0.22102316,SES,1,Survey-Stadia,NA,36,-117.75,WGS84,NA,NA,NA,0.5,0.1
CosoRangeFaults,Roquemore1981,No2,0.454627338,0.22102316,SES,1,Survey-Stadia,NA,36,-117.75,WGS84,NA,NA,NA,0.5,0.1
CosoRangeFaults,Roquemore1981,No3,0.454627338,0.22102316,SES,1,Survey-Stadia,NA,36,-117.75,WGS84,NA,NA,NA,0.5,0.1
CosoRangeFaults,Roquemore1981,No4,0.454627338,0.22102316,SES,1,Survey-Stadia,NA,36,-117.75,WGS84,NA,NA,NA,0.5,0.1
CosoRangeFaults,Roquemore1981,No5,0.454627338,0.22102316,SES,1,Survey-Stadia,NA,36,-117.75,WGS84,NA,NA,NA,0.5,0.1
CosoRangeFaults,Roquemore1981,No6,0.454627338,0.22102316,SES,1,Survey-Stadia,NA,36,-117.75,WGS84,NA,NA,NA,0.5,0.1
CosoRangeFaults,Roquemore1981,No7,0.454627338,0.22102316,SES,1,Survey-Stadia,NA,36,-117.75,WGS84,NA,NA,NA,0.5,0.1
Bilila-Mtakataka FaultMalawi,Hodge2019,M5,7.134638549,3.821264189,MES,unknown,PleiadesDEM,1,-14.45,34.55,WGS84,NA,NA,NA,6.4,4
Bilila-Mtakataka FaultMalawi,Hodge2019,K16,7.134638549,3.821264189,MES,unknown,PleiadesDEM,1,-14.45,34.55,WGS84,NA,NA,NA,6.4,4
Bilila-Mtakataka FaultMalawi,Hodge2019,M12,7.134638549,3.821264189,MES,unknown,PleiadesDEM,1,-14.45,34.55,WGS84,NA,NA,NA,6.4,4
Bilila-Mtakataka FaultMalawi,Hodge2019,K15,7.134638549,3.821264189,MES,unknown,PleiadesDEM,1,-14.45,34.55,WGS84,NA,NA,NA,6.4,4
BlackMountainFaultZone,Sohn2014,SiteA-EQ1,0.101795956,0.190336203,unknown,unknown,Survey-Theodolite,NA,35.97442,-116.717776,WGS84,NA,NA,NA,48.5,21.5
BlackMountainFaultZone,Sohn2014,SiteA-EQ2,0.168950101,0.162615868,unknown,unknown,Survey-Theodolite,NA,35.97442,-116.717776,WGS84,NA,NA,NA,16.5,10.5
BlackMountainFaultZone,Sohn2014,SiteA-EQ3,0.123915169,0.124207402,unknown,unknown,Survey-Theodolite,NA,35.97442,-116.717776,WGS84,NA,NA,NA,16.5,10.5
BlackMountainFaultZone,Sohn2014,SiteB-EQ2,0.550110854,0.603944421,unknown,unknown,Survey-Theodolite,NA,35.97442,-116.717776,WGS84,NA,NA,NA,6.5,2.5
WassukRangeFaultZone,Heins2021,NorthCanyon,0.432750867,0.243137682,SES,1,ALS,,38.300123,-118.592113,WGS84,NA,NA,NA,3.96,0.035
WassukRangeFaultZone,Heins2021,JohnstonCanyon1,0.252898659,0.245724239,MES,unknown,uSAV photogrammetry,,38.300123,-118.592113,WGS84,NA,NA,NA,10.871,1.588
WassukRangeFaultZone,Heins2021,JohnstonCanyon2,0.252437998,0.251066026,MES,unknown,ALS,,38.300123,-118.592113,WGS84,NA,NA,NA,10.328,1.324
WassukRangeFaultZone,Heins2021,CanyonA-1,0.202614706,0.200852821,MES,unknown,uSAV photogrammetry,,38.300123,-118.592113,WGS84,NA,NA,NA,12.929,2.107
WassukRangeFaultZone,Heins2021,CanyonA-2,0.291152222,0.292380563,MES,unknown,uSAV photogrammetry,,38.300123,-118.592113,WGS84,NA,NA,NA,22.985,3.399
WassukRangeFaultZone,Heins2021,CanyonB-1,0.251066054,0.245724154,MES,unknown,uSAV photogrammetry,,38.300123,-118.592113,WGS84,NA,NA,NA,6.833,0.995
WassukRangeFaultZone,Heins2021,CanyonB-2,0.223529772,0.226451942,MES,unknown,uSAV photogrammetry,,38.300123,-118.592113,WGS84,NA,NA,NA,10.367,1.469
WassukRangeFaultZone,Heins2021,JimCanyon,0.241864691,0.119989969,SES,1,uSAV photogrammetry,,38.300123,-118.592113,WGS84,NA,NA,NA,3.339,0.435
WassukRangeFaultZone,Heins2021,PowellCanyon,0.164399118,0.054995427,SES,1,uSAV photogrammetry,,38.300123,-118.592113,WGS84,NA,NA,NA,1.631,0.944
SangredeCristoFaultZone,McCalpin1982,25,0.739195275,0.739195275,MES,2–4,Survey-Theodolite,NA,38.19192181,-105.8155044,WGS84,NA,NA,NA,120,NA
SangredeCristoFaultZone,McCalpin1982,61,0.8381211,0.8381211,MES,2–4,Survey-Theodolite,NA,38.19192181,-105.8155044,WGS84,NA,NA,NA,400,NA
SangredeCristoFaultZone,McCalpin1982,36,0.645426956,0.645426956,SES,1,Survey-Theodolite,NA,38.19192181,-105.8155044,WGS84,NA,NA,NA,8,NA
SangredeCristoFaultZone,McCalpin1982,35,0.645426956,0.645426956,SES,1,Survey-Theodolite,NA,38.19192181,-105.8155044,WGS84,NA,NA,NA,13,NA
SangredeCristoFaultZone,McCalpin1982,34,0.645426956,0.645426956,MES,2–4,Survey-Theodolite,NA,38.19192181,-105.8155044,WGS84,NA,NA,NA,25,NA
SangredeCristoFaultZone,McCalpin1982,33,0.645426956,0.645426956,MES,2–4,Survey-Theodolite,NA,38.19192181,-105.8155044,WGS84,NA,NA,NA,120,NA
SangredeCristoFaultZone,McCalpin1982,32,0.645426956,0.645426956,MES,2–4,Survey-Theodolite,NA,38.19192181,-105.8155044,WGS84,NA,NA,NA,400,NA
SangredeCristoFaultZone,McCalpin1982,22,0.689463549,0.689463549,SES,1,Survey-Theodolite,NA,38.19192181,-105.8155044,WGS84,NA,NA,NA,13,NA
SangredeCristoFaultZone,McCalpin1982,26,0.689463549,0.689463549,MES,2–4,Survey-Theodolite,NA,38.19192181,-105.8155044,WGS84,NA,NA,NA,30,NA
SangredeCristoFaultZone,McCalpin1982,29,0.689463549,0.689463549,MES,2–4,Survey-Theodolite,NA,38.19192181,-105.8155044,WGS84,NA,NA,NA,60,NA
SangredeCristoFaultZone,McCalpin1982,30,0.689463549,0.689463549,MES,2–4,Survey-Theodolite,NA,38.19192181,-105.8155044,WGS84,NA,NA,NA,120,NA
SangredeCristoFaultZone,McCalpin1982,9,0.39277776,0.39277776,SES,1,Survey-Theodolite,NA,38.19192181,-105.8155044,WGS84,NA,NA,NA,8,NA
SangredeCristoFaultZone,McCalpin1982,4,0.39277776,0.39277776,MES,2–4,Survey-Theodolite,NA,38.19192181,-105.8155044,WGS84,NA,NA,NA,25,NA
SangredeCristoFaultZone,McCalpin1982,10,0.39277776,0.39277776,MES,2–4,Survey-Theodolite,NA,38.19192181,-105.8155044,WGS84,NA,NA,NA,120,NA
SangredeCristoFaultZone,McCalpin1982,3,0.39277776,0.39277776,MES,2–4,Survey-Theodolite,NA,38.19192181,-105.8155044,WGS84,NA,NA,NA,35,NA
SangredeCristoFaultZone,McCalpin1982,11,0.39277776,0.39277776,MES,2–4,Survey-Theodolite,NA,38.19192181,-105.8155044,WGS84,NA,NA,NA,400,NA
SangredeCristoFaultZone,McCalpin1982,7,0.39277776,0.39277776,MES,2–4,Survey-Theodolite,NA,38.19192181,-105.8155044,WGS84,NA,NA,NA,1000,NA
SangredeCristoFaultZone,McCalpin1982,48,0.301813446,0.301813446,SES,1,Survey-Theodolite,NA,38.19192181,-105.8155044,WGS84,NA,NA,NA,8,NA
SangredeCristoFaultZone,McCalpin1982,51,0.301813446,0.301813446,MES,2–4,Survey-Theodolite,NA,38.19192181,-105.8155044,WGS84,NA,NA,NA,25,NA
SangredeCristoFaultZone,McCalpin1982,49A,0.301813446,0.301813446,MES,2–4,Survey-Theodolite,NA,38.19192181,-105.8155044,WGS84,NA,NA,NA,120,NA
SangredeCristoFaultZone,McCalpin1982,48b,0.301813446,0.301813446,MES,2–4,Survey-Theodolite,NA,38.19192181,-105.8155044,WGS84,NA,NA,NA,120,NA
SangredeCristoFaultZone,McCalpin1982,50,0.301813446,0.301813446,MES,2–4,Survey-Theodolite,NA,38.19192181,-105.8155044,WGS84,NA,NA,NA,120,NA
SangredeCristoFaultZone,McCalpin1982,Bf3,0.313819907,0.313819907,MES,2–4,Survey-Theodolite,NA,38.19192181,-105.8155044,WGS84,NA,NA,NA,120,NA
SangredeCristoFaultZone,McCalpin1982,ptBf2,0.313819907,0.313819907,MES,2–4,Survey-Theodolite,NA,38.19192181,-105.8155044,WGS84,NA,NA,NA,60,NA
SangredeCristoFaultZone,McCalpin1982,82,0.354286708,0.354286708,SES,1,Survey-Theodolite,NA,38.19192181,-105.8155044,WGS84,NA,NA,NA,13,NA
SangredeCristoFaultZone,McCalpin1982,80,0.354286708,0.354286708,MES,2–4,Survey-Theodolite,NA,38.19192181,-105.8155044,WGS84,NA,NA,NA,25,NA
LagunaSaladaFaultZone,Spelz2008,Profile1,0.123111649,0.122711929,SES,1,Survey-laser,NA,32.32243531,-115.5448777,WGS84,NA,NA,NA,0.116,0
LagunaSaladaFaultZone,Spelz2008,Profile7,0.123111649,0.122711929,MES,unknown,Survey-laser,NA,32.32243531,-115.5448777,WGS84,NA,NA,NA,11,1
LagunaSaladaFaultZone,Spelz2008,Profile11,0.123111649,0.122711929,MES,unknown,Survey-laser,NA,32.32243531,-115.5448777,WGS84,NA,NA,NA,126,3
BreeFaultBelgium,Meghraoui2000,Site1_P2,0.674085702,0.049375706,MES,3,Survey-Theodolite,NA,51.11682,5.592322,WGS84,NA,NA,NA,43.95666667,2.1
BreeFaultBelgium,Meghraoui2000,Site1_P8,0.674085702,0.049375706,MES,3,Survey-Theodolite,NA,51.11682,5.592322,WGS84,NA,NA,NA,43.95666667,2.1
BreeFaultBelgium,Meghraoui2000,FP9,0.674085702,0.049375706,MES,3,Survey-Theodolite,NA,51.11682,5.592322,WGS84,NA,NA,NA,43.95666667,2.1
BreeFaultBelgium,Meghraoui2000,FP11,0.674085702,0.049375706,MES,3,Survey-Theodolite,NA,51.11682,5.592322,WGS84,NA,NA,NA,43.95666667,2.1
DeepSpringsValley,Lee2001,DSC_1,0.290174854,0.290174854,SES,1,Survey-Theodolite,NA,37.29229,-118.026912,WGS84,NA,NA,NA,1.96,0.055
DeepSpringsValley,Lee2001,DSC_2a,0.290174854,0.290174854,SES,1,Survey-Theodolite,NA,37.29229,-118.026912,WGS84,NA,NA,NA,1.96,0.055
DeepSpringsValley,Lee2001,DSC_2b,0.290174854,0.290174854,SES,1,Survey-Theodolite,NA,37.29229,-118.026912,WGS84,NA,NA,NA,1.96,0.055
DeepSpringsValley,Lee2001,DSC_3,0.290174854,0.290174854,SES,1,Survey-Theodolite,NA,37.29229,-118.026912,WGS84,NA,NA,NA,1.96,0.055
DeepSpringsValley,Lee2001,DSC_4a,0.290174854,0.290174854,SES,1,Survey-Theodolite,NA,37.29229,-118.026912,WGS84,NA,NA,NA,1.96,0.055
DeepSpringsValley,Lee2001,DSC_4b,0.290174854,0.290174854,SES,1,Survey-Theodolite,NA,37.29229,-118.026912,WGS84,NA,NA,NA,1.96,0.055
DeepSpringsValley,Lee2001,DSC_5a,0.290174854,0.290174854,SES,1,Survey-Theodolite,NA,37.29229,-118.026912,WGS84,NA,NA,NA,1.96,0.055
DeepSpringsValley,Lee2001,DSC_6a,0.290174854,0.290174854,SES,1,Survey-Theodolite,NA,37.29229,-118.026912,WGS84,NA,NA,NA,1.96,0.055
DeepSpringsValley,Lee2001,DSC_7a,0.290174854,0.290174854,SES,1,Survey-Theodolite,NA,37.29229,-118.026912,WGS84,NA,NA,NA,1.96,0.055
DeepSpringsValley,Lee2001,SP_1a,0.290174854,0.290174854,SES,1,Survey-Theodolite,NA,37.29229,-118.026912,WGS84,NA,NA,NA,1.96,0.055
DeepSpringsValley,Lee2001,SP_2,0.290174854,0.290174854,SES,1,Survey-Theodolite,NA,37.29229,-118.026912,WGS84,NA,NA,NA,1.96,0.055
DeepSpringsValley,Lee2001,SP_4,0.290174854,0.290174854,SES,1,Survey-Theodolite,NA,37.29229,-118.026912,WGS84,NA,NA,NA,1.96,0.055
DeepSpringsValley,Lee2001,SP_5,0.290174854,0.290174854,SES,1,Survey-Theodolite,NA,37.29229,-118.026912,WGS84,NA,NA,NA,1.96,0.055
DeepSpringsValley,Lee2001,SP_6,0.580349707,0.580349707,SES,1,Survey-Theodolite,NA,37.29229,-118.026912,WGS84,NA,NA,NA,1.96,0.055
EastSierraNevada,Berry1997,MN-1A,1.374722855,1.392318149,MES,unknown,Survey,NA,37.498784,-118.750755,WGS84,NA,NA,NA,3.8,0.14
EastSierraNevada,Berry1997,MN-1B,1.402080519,1.3916947,MES,unknown,Survey,NA,37.498784,-118.750755,WGS84,NA,NA,NA,3.8,0.14
EastSierraNevada,Berry1997,MN-2A,1.384855946,1.374722564,MES,unknown,Survey,NA,37.498784,-118.750755,WGS84,NA,NA,NA,3.8,0.14
EastSierraNevada,Berry1997,MN-2B,1.412622517,1.483253695,MES,unknown,Survey,NA,37.498784,-118.750755,WGS84,NA,NA,NA,3.8,0.14
EastSierraNevada,Berry1997,PC-1A,1.402080519,1.436016147,MES,estimated 7-9 in the past 20-25ka,Survey,NA,37.498784,-118.750755,WGS84,NA,NA,NA,7.9,0.25
EastSierraNevada,Berry1997,PC-1B,1.402080519,1.436016147,MES,estimated 7-9 in the past 20-25ka,Survey,NA,37.498784,-118.750755,WGS84,NA,NA,NA,7.9,0.25
EastSierraNevada,Berry1997,PC-2A,1.434189271,1.426928422,MES,estimated 7-9 in the past 20-25ka,Survey,NA,37.498784,-118.750755,WGS84,NA,NA,NA,7.9,0.25
EastSierraNevada,Berry1997,PC-2B,1.430549265,1.436015115,MES,estimated 7-9 in the past 20-25ka,Survey,NA,37.498784,-118.750755,WGS84,NA,NA,NA,7.9,0.25
EastSierraNevada,Berry1997,MT-A1,1.374722828,1.391693538,MES,unknown,Survey,NA,37.498784,-118.750755,WGS84,NA,NA,NA,20,5
EastSierraNevada,Berry1997,MT-A2,1.374722828,1.391693538,MES,unknown,Survey,NA,37.498784,-118.750755,WGS85,NA,NA,NA,20,5
EastSierraNevada,Berry1997,MT-B,1.364736838,1.366391817,MES,unknown,Survey,NA,37.498784,-118.750755,WGS84,NA,NA,NA,20,5
EastSierraNevada,Berry1997,MT-C,1.354895135,1.358159585,MES,unknown,Survey,NA,37.498784,-118.750755,WGS84,NA,NA,NA,20,5
EastSierraNevada,Berry1997,BN-A,0.684024846,0.704543885,SES,1,Survey,NA,37.498784,-118.750755,WGS84,NA,NA,NA,7.9,0.25
EastSierraNevada,Berry1997,MS-1A1,0.709869474,0.722610184,MES,estimated 4 in the past 13-15ka,Survey,NA,37.498784,-118.750755,WGS84,NA,NA,NA,7.9,0.25
EastSierraNevada,Berry1997,MS-1A2,0.709869474,0.722610184,SES,1,Survey,NA,37.498784,-118.750755,WGS85,NA,NA,NA,7.9,0.25
EastSierraNevada,Berry1997,MS-1B,0.704545474,0.704544878,MES,estimated 4 in the past 13-15ka,Survey,NA,37.498784,-118.750755,WGS84,NA,NA,NA,7.9,0.25
EastSierraNevada,Berry1997,MS-1B_2,0.704545474,0.704544878,MES,estimated 4 in the past 13-15ka,Survey,NA,37.498784,-118.750755,WGS84,NA,NA,NA,7.9,0.25
EastSierraNevada,Berry1997,MS-1C,1.405576913,1.391691601,MES,estimated 4 in the past 13-15ka,Survey,NA,37.498784,-118.750755,WGS84,NA,NA,NA,7.9,0.25
EastSierraNevada,Berry1997,MS-2,2.790279392,2.890453266,MES,estimated 14 in the past 25-40ka,Survey,NA,37.498784,-118.750755,WGS84,NA,NA,NA,20,5
EastSierraNevada,Berry1997,CW1-3,2.825244882,2.783394823,MES,unknown,Survey,NA,37.498784,-118.750755,WGS84,NA,NA,NA,20,5
EastSierraNevada,Berry1997,CW1-4,2.825244634,2.853852773,MES,unknown,Survey,NA,37.498784,-118.750755,WGS84,NA,NA,NA,20,5
EastSierraNevada,Berry1997,CW2-4A,2.818181784,2.853860917,MES,unknown,Survey,NA,37.498784,-118.750755,WGS84,NA,NA,NA,20,5
EastSierraNevada,Berry1997,CW2-4B,2.797202797,2.818175541,MES,unknown,Survey,NA,37.498784,-118.750755,WGS84,NA,NA,NA,20,5
EastSierraNevada,Berry1997,CW3-4,1.398601399,1.409091742,MES,unknown,Survey,NA,37.498784,-118.750755,WGS84,NA,NA,NA,20,5
SteensMtn,Hemphill1987,1,0.171840354,0.17079889,SES,1,Survey-Stadia,NA,42.624994,-118.516731,WGS84,NA,NA,NA,1.5,NA
SteensMtn,Hemphill1987,2,0.171840354,0.17079889,SES,1,Survey-Stadia,NA,42.624994,-118.516731,WGS84,NA,NA,NA,1.31,NA
SteensMtn,Hemphill1987,3,0.173961831,0.176136344,SES,1,Survey-Stadia,NA,42.624994,-118.516731,WGS84,NA,NA,NA,0.45,NA
SteensMtn,Hemphill1987,7,0.173961831,0.176136344,SES,1,Survey-Stadia,NA,42.624994,-118.516731,WGS84,NA,NA,NA,1.5,NA
SteensMtn,Hemphill1987,8,0.171840356,0.165775348,SES,1,Survey-Stadia,NA,42.624994,-118.516731,WGS84,NA,NA,NA,1.5,NA
SteensMtn,Hemphill1987,9,0.171840356,0.165775348,SES,1,Survey-Stadia,NA,42.624994,-118.516731,WGS84,NA,NA,NA,1.5,NA
SteensMtn,Hemphill1987,10,0.172894594,0.168249757,SES,1,Survey-Stadia,NA,42.624994,-118.516731,WGS84,NA,NA,NA,1.85,NA
SteensMtn,Hemphill1987,11,0.172894594,0.168249757,SES,1,Survey-Stadia,NA,42.624994,-118.516731,WGS84,NA,NA,NA,1.78,NA
SteensMtn,Hemphill1987,13,0.173961844,0.18479899,SES,1,Survey-Stadia,NA,42.624994,-118.516731,WGS84,NA,NA,NA,1.8,NA
SteensMtn,Hemphill1987,16,0.173961852,0.168249757,SES,1,Survey-Stadia,NA,42.624994,-118.516731,WGS84,NA,NA,NA,1.51,NA
SteensMtn,Hemphill1987,17,0.173961852,0.168249757,SES,1,Survey-Stadia,NA,42.624994,-118.516731,WGS84,NA,NA,NA,1.5,NA
SteensMtn,Hemphill1987,18,0.171840359,0.170798569,SES,1,Survey-Stadia,NA,42.624994,-118.516731,WGS84,NA,NA,NA,1.5,NA
SteensMtn,Hemphill1987,19,0.171840359,0.170798569,SES,1,Survey-Stadia,NA,42.624994,-118.516731,WGS84,NA,NA,NA,1.5,NA
HuoshanPiedmontFault,Xu2018,Site3,1.226330856,0.506883365,MES,3,Survey-dGPS,NA,36.40087628,111.80005,WGS84,NA,NA,NA,5.42,0.04
HuoshanPiedmontFault,Xu2018,Site4,1.822696887,0.852928549,MES,3,Survey-dGPS,NA,36.40087628,111.80005,WGS84,NA,NA,NA,5.42,0.04
HuoshanPiedmontFault,Xu2018,Site9,0.633604227,0.387074517,MES,3,Survey-dGPS,NA,36.40087628,111.80005,WGS84,NA,NA,NA,5.42,0.04
HuoshanPiedmontFault,Xu2018,Site13,2.661137887,0.249170263,MES,3,Survey-dGPS,NA,36.40087628,111.80005,WGS84,NA,NA,NA,5.42,0.04
HotanQiraFault,Avouac1993,P118,2.407448936,0.313845564,MES,unknown,Survey-Theodolite,NA,36.83496615,80.49904483,WGS84,NA,NA,NA,10.2,3
HotanQiraFault,Avouac1993,P75,2.592637532,0.301633648,MES,unknown,Survey-Theodolite,NA,36.83496615,80.49904483,WGS84,NA,NA,NA,10.2,3
HotanQiraFault,Avouac1993,P76,2.592637532,0.301633648,MES,unknown,Survey-Theodolite,NA,36.83496615,80.49904483,WGS84,NA,NA,NA,10.2,3
HotanQiraFault,Avouac1993,P77,2.592637532,0.301633648,MES,unknown,Survey-Theodolite,NA,36.83496615,80.49904483,WGS84,NA,NA,NA,10.2,3
HotanQiraFault,Avouac1993,P78,2.592637532,0.301633648,SES,unknown,Survey-Theodolite,NA,36.83496615,80.49904483,WGS84,NA,NA,NA,6.8,3
HotanQiraFault,Avouac1993,P79,2.592637532,0.301633648,SES,unknown,Survey-Theodolite,NA,36.83496615,80.49904483,WGS84,NA,NA,NA,6.8,3
HotanQiraFault,Avouac1993,P25,1.462638772,0.327087917,MES,unknown,Survey-Theodolite,NA,36.83496615,80.49904483,WGS84,NA,NA,NA,10.2,3
HotanQiraFault,Avouac1993,P26,1.462638772,0.327087917,MES,unknown,Survey-Theodolite,NA,36.83496615,80.49904483,WGS84,NA,NA,NA,10.2,3
HotanQiraFault,Avouac1993,P32,1.462638772,0.327087917,MES,unknown,Survey-Theodolite,NA,36.83496615,80.49904483,WGS84,NA,NA,NA,17,5
HotanQiraFault,Avouac1993,P35,1.462638772,0.327087917,MES,unknown,Survey-Theodolite,NA,36.83496615,80.49904483,WGS84,NA,NA,NA,17,5
HotanQiraFault,Avouac1993,P68,0.90932382,0.217752395,MES,unknown,Survey-Theodolite,NA,36.83496615,80.49904483,WGS84,NA,NA,NA,17,5
HotanQiraFault,Avouac1993,P66,0.904021812,0.218982738,MES,unknown,Survey-Theodolite,NA,36.83496615,80.49904483,WGS84,NA,NA,NA,17,5
EgiinDavaaMongoliaEQ,Walker2015,F5b_P4,0.301734946,0.300119778,SES,,dGPS,NA,46.977694,99.464428,WGS84,NA,NA,NA,5.7,1.7
EgiinDavaaMongoliaEQ,Walker2015,F3b_P3,0.301734946,0.300119778,SES,,dGPS,NA,46.977694,99.464428,WGS84,NA,NA,NA,5.7,1.7
EgiinDavaaMongoliaEQ,Walker2015,F3b_P2,0.301734946,0.300119778,SES,,dGPS,NA,46.977694,99.464428,WGS84,NA,NA,NA,5.7,1.7
EgiinDavaaMongoliaEQ,Walker2015,F3b_P1,0.301734946,0.300119778,SES,,dGPS,NA,46.977694,99.464428,WGS84,NA,NA,NA,5.7,1.7
EgiinDavaaFaultMongolia,Walker2015,Site1P1,0.667025282,0.670995032,SES,1,dGPS,NA,46.952578,99.421534,WGS84,NA,NA,NA,6.6,1.3
EgiinDavaaFaultMongolia,Walker2015,Site1P2,0.667025282,0.670995032,SES,1,dGPS,NA,46.952578,99.421534,WGS84,NA,NA,NA,6.6,1.3
EgiinDavaaFaultMongolia,Walker2015,Site1P3,0.667025282,0.670995032,SES,1,dGPS,NA,46.952578,99.421534,WGS84,NA,NA,NA,6.6,1.3
EgiinDavaaFaultMongolia,Walker2015,Site1P4,0.667025282,0.670995032,SES,1,dGPS,NA,46.952578,99.421534,WGS84,NA,NA,NA,6.6,1.3
EgiinDavaaFaultMongolia,Walker2015,Site1P5,0.667025282,0.670995032,SES,1,dGPS,NA,46.952578,99.421534,WGS84,NA,NA,NA,6.6,1.3
EgiinDavaaFaultMongolia,Walker2015,Site1P6,0.667025282,0.670995032,SES,1,dGPS,NA,46.952578,99.421534,WGS84,NA,NA,NA,6.6,1.3
EgiinDavaaFaultMongolia,Walker2015,Site1P7,0.667025282,0.670995032,SES,1,dGPS,NA,46.952578,99.421534,WGS84,NA,NA,NA,6.6,1.3
EgiinDavaaFaultMongolia,Walker2015,Site1P8,0.667025282,0.670995032,SES,1,dGPS,NA,46.952578,99.421534,WGS84,NA,NA,NA,6.6,1.3
EgiinDavaaFaultMongolia,Walker2015,Site1P9,0.667025282,0.670995032,SES,1,dGPS,NA,46.952578,99.421534,WGS84,NA,NA,NA,6.6,1.3
EgiinDavaaFaultMongolia,Walker2015,Site1P10,0.667025282,0.670995032,SES,1,dGPS,NA,46.952578,99.421534,WGS84,NA,NA,NA,6.6,1.3
EgiinDavaaFaultMongolia,Walker2015,Site1P11,0.667025282,0.670995032,SES,1,dGPS,NA,46.952578,99.421534,WGS84,NA,NA,NA,6.6,1.3
EgiinDavaaFaultMongolia,Walker2015,Site2P1,0.751515214,0.741628498,SES,1,dGPS,NA,46.952578,99.421534,WGS84,NA,NA,NA,6.6,1.3
EgiinDavaaFaultMongolia,Walker2015,Site2P2,0.751515214,0.741628498,SES,1,dGPS,NA,46.952578,99.421534,WGS84,NA,NA,NA,6.6,1.3
EgiinDavaaFaultMongolia,Walker2015,Site2P3,0.751515214,0.741628498,SES,1,dGPS,NA,46.952578,99.421534,WGS84,NA,NA,NA,6.6,1.3
EgiinDavaaFaultMongolia,Walker2015,Site2P4,0.751515214,0.741628498,SES,1,dGPS,NA,46.952578,99.421534,WGS84,NA,NA,NA,6.6,1.3
EgiinDavaaFaultMongolia,Walker2015,Site2P5,0.751515214,0.741628498,SES,1,dGPS,NA,46.952578,99.421534,WGS84,NA,NA,NA,6.6,1.3
EgiinDavaaFaultMongolia,Walker2015,Site2P6,0.751515214,0.741628498,SES,1,dGPS,NA,46.952578,99.421534,WGS84,NA,NA,NA,6.6,1.3
EgiinDavaaFaultMongolia,Walker2015,Site2P7,0.751515214,0.741628498,SES,1,dGPS,NA,46.952578,99.421534,WGS84,NA,NA,NA,6.6,1.3
EgiinDavaaFaultMongolia,Walker2015,Site2P8,0.751515214,0.741628498,SES,1,dGPS,NA,46.952578,99.421534,WGS84,NA,NA,NA,6.6,1.3
EgiinDavaaFaultMongolia,Walker2015,Site2P9,0.751515214,0.741628498,SES,1,dGPS,NA,46.952578,99.421534,WGS84,NA,NA,NA,6.6,1.3
EgiinDavaaFaultMongolia,Walker2015,Site2P10,0.751515214,0.741628498,SES,1,dGPS,NA,46.952578,99.421534,WGS84,NA,NA,NA,6.6,1.3
EgiinDavaaFaultMongolia,Walker2015,Site2P11,0.751515214,0.741628498,SES,1,dGPS,NA,46.952578,99.421534,WGS84,NA,NA,NA,6.6,1.3
EgiinDavaaFaultMongolia,Walker2015,Site2P12,0.751515214,0.741628498,SES,1,dGPS,NA,46.952578,99.421534,WGS84,NA,NA,NA,6.6,1.3
EgiinDavaaFaultMongolia,Walker2015,Site2P13,0.751515214,0.741628498,SES,1,dGPS,NA,46.952578,99.421534,WGS84,NA,NA,NA,6.6,1.3
EgiinDavaaFaultMongolia,Walker2015,Site2P14,0.751515214,0.741628498,SES,1,dGPS,NA,46.952578,99.421534,WGS84,NA,NA,NA,6.6,1.3
EgiinDavaaFaultMongolia,Walker2015,Site2P15,0.751515214,0.741628498,SES,1,dGPS,NA,46.952578,99.421534,WGS84,NA,NA,NA,6.6,1.3
EgiinDavaaFaultMongolia,Walker2015,Site2P16,0.751515214,0.741628498,SES,1,dGPS,NA,46.952578,99.421534,WGS84,NA,NA,NA,6.6,1.3
EgiinDavaaFaultMongolia,Walker2015,Site3P1,0.669833752,0.675510358,SES,1,dGPS,NA,46.952578,99.421534,WGS84,NA,NA,NA,6.6,1.3
EgiinDavaaFaultMongolia,Walker2015,Site3P2,0.669833752,0.675510358,SES,1,dGPS,NA,46.952578,99.421534,WGS84,NA,NA,NA,6.6,1.3
EgiinDavaaFaultMongolia,Walker2015,Site3P3,0.669833752,0.675510358,SES,1,dGPS,NA,46.952578,99.421534,WGS84,NA,NA,NA,6.6,1.3
EgiinDavaaFaultMongolia,Walker2015,Site3P4,0.669833752,0.675510358,SES,1,dGPS,NA,46.952578,99.421534,WGS84,NA,NA,NA,6.6,1.3
EgiinDavaaFaultMongolia,Walker2015,Site4P1,0.67266009,0.675510449,SES,1,dGPS,NA,46.952578,99.421534,WGS84,NA,NA,NA,6.6,1.3
EgiinDavaaFaultMongolia,Walker2015,Site4P2,0.67266009,0.675510449,SES,1,dGPS,NA,46.952578,99.421534,WGS84,NA,NA,NA,6.6,1.3
EgiinDavaaFaultMongolia,Walker2015,Site4P3,0.67266009,0.675510449,SES,1,dGPS,NA,46.952578,99.421534,WGS84,NA,NA,NA,6.6,1.3
EgiinDavaaFaultMongolia,Walker2015,Site4P4,0.67266009,0.675510449,SES,1,dGPS,NA,46.952578,99.421534,WGS84,NA,NA,NA,6.6,1.3
EgiinDavaaFaultMongolia,Walker2015,Site5P1,0.658762092,0.675510449,SES,1,dGPS,NA,46.952578,99.421534,WGS84,NA,NA,NA,6.6,1.3
EgiinDavaaFaultMongolia,Walker2015,Site5P2,0.658762092,0.675510449,SES,1,dGPS,NA,46.952578,99.421534,WGS84,NA,NA,NA,6.6,1.3
EgiinDavaaFaultMongolia,Walker2015,Site6P1,0.67266009,0.687156765,SES,1,dGPS,NA,46.952578,99.421534,WGS84,NA,NA,NA,6.6,1.3
EgiinDavaaFaultMongolia,Walker2015,Site6P2,0.67266009,0.687156765,SES,1,dGPS,NA,46.952578,99.421534,WGS84,NA,NA,NA,6.6,1.3
EgiinDavaaFaultMongolia,Walker2015,Site6P3,0.67266009,0.687156765,SES,1,dGPS,NA,46.952578,99.421534,WGS84,NA,NA,NA,6.6,1.3
EgiinDavaaFaultMongolia,Walker2015,Site6P4,0.67266009,0.687156765,SES,1,dGPS,NA,46.952578,99.421534,WGS84,NA,NA,NA,6.6,1.3
EgiinDavaaFaultMongolia,Walker2015,Site6P5,0.67266009,0.687156765,SES,1,dGPS,NA,46.952578,99.421534,WGS84,NA,NA,NA,6.6,1.3
EgiinDavaaFaultMongolia,Walker2015,Site6P6,0.67266009,0.687156765,SES,1,dGPS,NA,46.952578,99.421534,WGS84,NA,NA,NA,6.6,1.3
EgiinDavaaFaultMongolia,Walker2015,Site7P1,0.67266009,0.664252331,SES,1,dGPS,NA,46.952578,99.421534,WGS84,NA,NA,NA,6.6,1.3
EgiinDavaaFaultMongolia,Walker2015,Site7P2,0.67266009,0.664252331,SES,1,dGPS,NA,46.952578,99.421534,WGS84,NA,NA,NA,6.6,1.3
EgiinDavaaFaultMongolia,Walker2015,Site7P3,0.67266009,0.664252331,SES,1,dGPS,NA,46.952578,99.421534,WGS84,NA,NA,NA,6.6,1.3
EgiinDavaaFaultMongolia,Walker2015,Site8P1,0.661495536,0.642824396,SES,1,dGPS,NA,46.952578,99.421534,WGS84,NA,NA,NA,6.6,1.3
EgiinDavaaFaultMongolia,Walker2015,Site8P2,0.661495536,0.642824396,SES,1,dGPS,NA,46.952578,99.421534,WGS84,NA,NA,NA,6.6,1.3
EgiinDavaaFaultMongolia,Walker2015,Site8P3,0.661495536,0.642824396,SES,1,dGPS,NA,46.952578,99.421534,WGS84,NA,NA,NA,6.6,1.3
EgiinDavaaFaultMongolia,Walker2015,Site8P4,0.661495536,0.642824396,SES,1,dGPS,NA,46.952578,99.421534,WGS84,NA,NA,NA,6.6,1.3
EgiinDavaaFaultMongolia,Walker2015,Site9P1,0.661495623,0.675510449,SES,1,dGPS,NA,46.952578,99.421534,WGS84,NA,NA,NA,6.6,1.3
EgiinDavaaFaultMongolia,Walker2015,Site9P2,0.661495623,0.675510449,SES,1,dGPS,NA,46.952578,99.421534,WGS84,NA,NA,NA,6.6,1.3
EgiinDavaaFaultMongolia,Walker2015,Site9P3,0.661495623,0.675510449,SES,1,dGPS,NA,46.952578,99.421534,WGS84,NA,NA,NA,6.6,1.3
EgiinDavaaFaultMongolia,Walker2015,Site9P4,0.661495623,0.675510449,SES,1,dGPS,NA,46.952578,99.421534,WGS84,NA,NA,NA,6.6,1.3
LimaReservoirFault,Anastasio2010,R-10,1.503966397,0.183241888,MES,2,dGPS,NA,44.6499269,-112.1833781,WGS84,NA,NA,NA,23,11
LimaReservoirFault,Anastasio2010,R-7,1.287725695,0.183241888,MES,2,dGPS,NA,44.6499269,-112.1833781,WGS84,NA,NA,NA,23,11
LimaReservoirFault,Anastasio2010,R-6,1.318190454,0.183241888,MES,2,dGPS,NA,44.6499269,-112.1833781,WGS84,NA,NA,NA,23,11
LimaReservoirFault,Anastasio2010,R-4,1.44152518,0.183241888,MES,2,dGPS,NA,44.6499269,-112.1833781,WGS84,NA,NA,NA,23,11
LimaReservoirFault,Anastasio2010,R-8,1.327623122,0.183241888,MES,2,dGPS,NA,44.6499269,-112.1833781,WGS84,NA,NA,NA,23,11
LimaReservoirFault,Anastasio2010,R-2,1.448936647,0.183241888,MES,2,dGPS,NA,44.6499269,-112.1833781,WGS84,NA,NA,NA,23,11
LimaReservoirFault,Anastasio2010,R-1,0.867132847,0.183241888,MES,2,dGPS,NA,44.6499269,-112.1833781,WGS84,NA,NA,NA,23,11
AncashEQ1949,Bellier1991,profile5,0.431612695,0.42165239,SES,1,Survey-Theodolite,NA,-8.41781,-77.513848,WGS84,NA,NA,NA,0.042,0
AncashEQ1949,Bellier1991,profile6,0.431612695,0.42165239,SES,1,Survey-Theodolite,NA,-8.41781,-77.513848,WGS84,NA,NA,NA,0.042,1
VolcanicTableland,Pinter1995,F4,0.594866835,0.186634565,MES,unknown,Survey,NA,37.44359581,-118.4525787,WGS84,NA,NA,NA,8.5,1.5
FishLakeValleyFaultNV,Ganev2007,A1,3.590040882,1.127272694,SES,NA,LiDAR,1,37.779481,-118.135463,WGS84,NA,NA,NA,12,4
FishLakeValleyFaultNV,Ganev2007,B1,7.367795953,2.561984329,MES,NA,LiDAR,1,37.779481,-118.135463,WGS84,NA,NA,NA,96,25
FishLakeValleyFaultNV,Ganev2007,C6,9.853782869,2.818181498,SES,NA,LiDAR,1,37.779481,-118.135463,WGS84,NA,NA,NA,12,4
FishLakeValleyFaultNV,Ganev2007,C9,9.853782869,2.818181498,SES,NA,LiDAR,1,37.779481,-118.135463,WGS84,NA,NA,NA,12,4
FishLakeValleyFaultNV,Ganev2007,D8,10.71552052,2.300556159,SES,NA,LiDAR,1,37.779481,-118.135463,WGS84,NA,NA,NA,12,4
FishLakeValleyFaultNV,Ganev2007,D9,10.71552052,2.300556159,SES,NA,LiDAR,1,37.779481,-118.135463,WGS84,NA,NA,NA,12,4
FishLakeValleyFaultNV,Ganev2007,E5,13.88267061,1.682496151,SES,NA,LiDAR,1,37.779481,-118.135463,WGS84,NA,NA,NA,12,4
FishLakeValleyFaultNV,Ganev2007,E6,13.88267061,1.682496151,SES,NA,LiDAR,1,37.779481,-118.135463,WGS84,NA,NA,NA,12,4
FishLakeValleyFaultNV,Ganev2007,E9,13.88267061,1.682496151,SES,NA,LiDAR,1,37.779481,-118.135463,WGS84,NA,NA,NA,12,4
FishLakeValleyFaultNV,Ganev2007,F6,13.68049505,2.683980128,SES,NA,LiDAR,1,37.779481,-118.135463,WGS84,NA,NA,NA,12,4
FishLakeValleyFaultNV,Ganev2007,F9,13.68049505,2.683980128,SES,NA,LiDAR,1,37.779481,-118.135463,WGS84,NA,NA,NA,12,4
FishLakeValleyFaultNV,Ganev2007,G5,13.48412395,2.621566976,SES,NA,LiDAR,1,37.779481,-118.135463,WGS84,NA,NA,NA,12,4
FishLakeValleyFaultNV,Ganev2007,G6,13.48412395,2.621566976,SES,NA,LiDAR,1,37.779481,-118.135463,WGS84,NA,NA,NA,12,4
FishLakeValleyFaultNV,Ganev2007,G8,13.48412395,2.621566976,SES,NA,LiDAR,1,37.779481,-118.135463,WGS84,NA,NA,NA,12,4
FishLakeValleyFaultNV,Ganev2007,G9,13.48412395,2.621566976,SES,NA,LiDAR,1,37.779481,-118.135463,WGS84,NA,NA,NA,12,4
FishLakeValleyFaultNV,Ganev2007,H5,13.61440583,2.591433886,SES,NA,LiDAR,1,37.779481,-118.135463,WGS84,NA,NA,NA,12,4
FishLakeValleyFaultNV,Ganev2007,H6,13.61440583,2.591433886,SES,NA,LiDAR,1,37.779481,-118.135463,WGS84,NA,NA,NA,12,4
FishLakeValleyFaultNV,Ganev2007,H8,13.61440583,2.591433886,SES,NA,LiDAR,1,37.779481,-118.135463,WGS84,NA,NA,NA,12,4
FishLakeValleyFaultNV,Ganev2007,H9,13.61440583,2.591433886,SES,NA,LiDAR,1,37.779481,-118.135463,WGS84,NA,NA,NA,12,4
FishLakeValleyFaultNV,Ganev2007,H10,13.61440583,2.591433886,SES,NA,LiDAR,1,37.779481,-118.135463,WGS84,NA,NA,NA,12,4
FishLakeValleyFaultNV,Ganev2007,I5,13.61440583,2.591433886,SES,NA,LiDAR,1,37.779481,-118.135463,WGS84,NA,NA,NA,12,4
FishLakeValleyFaultNV,Ganev2007,I6,13.61440583,2.591433886,SES,NA,LiDAR,1,37.779481,-118.135463,WGS84,NA,NA,NA,12,4
FishLakeValleyFaultNV,Ganev2007,I8,13.61440583,2.591433886,SES,NA,LiDAR,1,37.779481,-118.135463,WGS84,NA,NA,NA,12,4
FishLakeValleyFaultNV,Ganev2007,I9,13.61440583,2.591433886,SES,NA,LiDAR,1,37.779481,-118.135463,WGS84,NA,NA,NA,12,4
FishLakeValleyFaultNV,Ganev2007,J1,6.368772837,3.757572683,MES,NA,LiDAR,1,37.779481,-118.135463,WGS84,NA,NA,NA,96,25
FishLakeValleyFaultNV,Ganev2007,J2,6.368772837,3.757572683,SES,NA,LiDAR,1,37.779481,-118.135463,WGS84,NA,NA,NA,12,4
FishLakeValleyFaultNV,Ganev2007,J3,6.368772837,3.757572683,MES,NA,LiDAR,1,37.779481,-118.135463,WGS84,NA,NA,NA,96,25
FishLakeValleyFaultNV,Ganev2007,J4,6.368772837,3.757572683,MES,NA,LiDAR,1,37.779481,-118.135463,WGS84,NA,NA,NA,96,25
FishLakeValleyFaultNV,Ganev2007,K1,4.838080454,3.821267839,MES,NA,LiDAR,1,37.779481,-118.135463,WGS84,NA,NA,NA,96,25
FishLakeValleyFaultNV,Ganev2007,K3,4.838080454,3.821267839,MES,NA,LiDAR,1,37.779481,-118.135463,WGS84,NA,NA,NA,96,25
FishLakeValleyFaultNV,Ganev2007,K4,4.838080454,3.821267839,MES,NA,LiDAR,1,37.779481,-118.135463,WGS84,NA,NA,NA,96,25
FishLakeValleyFaultNV,Ganev2007,L1,4.696969935,2.783389013,MES,NA,LiDAR,1,37.779481,-118.135463,WGS84,NA,NA,NA,96,25
FishLakeValleyFaultNV,Ganev2007,L4,4.696969935,2.783389013,MES,NA,LiDAR,1,37.779481,-118.135463,WGS84,NA,NA,NA,96,25
FishLakeValleyFaultNV,Ganev2007,M1,4.129204374,2.818191426,MES,NA,LiDAR,1,37.779481,-118.135463,WGS84,NA,NA,NA,12,4
FishLakeValleyFaultNV,Ganev2007,M4,4.129204374,2.818191426,MES,NA,LiDAR,1,37.779481,-118.135463,WGS84,NA,NA,NA,96,25
FishLakeValleyFaultNV,Ganev2007,N1,2.1031208,0.306325624,SES,NA,LiDAR,1,37.779481,-118.135463,WGS84,NA,NA,NA,12,4
FishLakeValleyFaultNV,Ganev2007,N2,2.1031208,0.306325624,SES,NA,LiDAR,1,37.779481,-118.135463,WGS84,NA,NA,NA,12,4
FishLakeValleyFaultNV,Ganev2007,N3,2.1031208,0.306325624,SES,NA,LiDAR,1,37.779481,-118.135463,WGS84,NA,NA,NA,12,4
FishLakeValleyFaultNV,Ganev2007,O5,2.309985171,1.063467756,MES,NA,LiDAR,1,37.779481,-118.135463,WGS84,NA,NA,NA,96,25
FishLakeValleyFaultNV,Ganev2007,N6,6.404958893,1.391691601,MES,NA,LiDAR,1,37.779481,-118.135463,WGS84,NA,NA,NA,12,4
FishLakeValleyFaultNV,Ganev2007,O6,7.134637785,1.832962158,SES,NA,LiDAR,1,37.779481,-118.135463,WGS84,NA,NA,NA,12,4
FishLakeValleyFaultNV,Ganev2007,P2,1.578420292,0.613158379,MES,NA,LiDAR,1,37.779481,-118.135463,WGS84,NA,NA,NA,12,4
FishLakeValleyFaultNV,Ganev2007,Q2,1.084493013,0.632619106,MES,NA,LiDAR,1,37.779481,-118.135463,WGS84,NA,NA,NA,12,4
FishLakeValleyFaultNV,Ganev2007,R1,1.099451344,0.866415984,MES,NA,LiDAR,1,37.779481,-118.135463,WGS84,NA,NA,NA,96,25
FishLakeValleyFaultNV,Ganev2007,S1,1.296100933,0.797098561,MES,NA,LiDAR,1,37.779481,-118.135463,WGS84,NA,NA,NA,96,25
FishLakeValleyFaultNV,Ganev2007,T1,1.130641466,0.875932869,MES,NA,LiDAR,1,37.779481,-118.135463,WGS84,NA,NA,NA,96,25
FishLakeValleyFaultNV,Ganev2007,U1,1.099451066,0.738056402,MES,NA,LiDAR,1,37.779481,-118.135463,WGS84,NA,NA,NA,12,4
FishLakeValleyFaultNV,Ganev2007,V1,1.099451362,0.59044425,MES,NA,LiDAR,1,37.779481,-118.135463,WGS84,NA,NA,NA,12,4
FishLakeValleyFaultNV,Ganev2007,W1,1.107086483,0.549725412,MES,NA,LiDAR,1,37.779481,-118.135463,WGS84,NA,NA,NA,96,25
FishLakeValleyFaultNV,Ganev2007,X3,4.688836721,0.658761528,SES,NA,LiDAR,1,37.779481,-118.135463,WGS84,NA,NA,NA,12,4
FishLakeValleyFaultNV,Ganev2007,Y3,4.702667941,0.637681899,SES,NA,LiDAR,1,37.779481,-118.135463,WGS84,NA,NA,NA,12,4
